0,1,2,3,4,5,6,7,8,9,10,11,12,13,14,15,16,17,18,19
フィルム,シート,ホリマー,リワーク,ヘイス,ホリエステル,アクリル,モノマー,ホリエチレン,ホリオレフィン,イオノマー,ホリウレタン,ハインター,ホリアミト,りわせ,アクリレート,アラミト,ヒニルフチラール,ホリヒニル,テーフ
レンス,スーミンク,アッヘ,アイホイント,テレカメラモシュール,たす,フェルールアセンフリ,スーム,カメラ,フォーカシンク,テレイメーシセンサ,フレネル,フリスム,フレノフティックカメラ,テレ,エクスハンタアセンフリ,コリメータレンス,たし,フォーカル,サク
シミュレーション,リソクラフィフロセス,フォトリソクラフィマスク,イメーシンク,ヒーム,シミュレート,スヘックル,コンフトン,メトロ,もとつき,レチクル,メトロロシターケット,クリティカルティメンション,ハラメータ,メトロロシ,フランカ,リソクラフィ,つく,しわせ,テハイススケールフィーチャ
ヒア,メタライセーションハターン,メタライセーション,スフレッタ,スタントオフ,ハット,ハンフ,ハッケーシ,コンタクト,インターコネクト,ホンティンク,インタコネクト,タイ,ホール,モールティンク,リフロー,フリント,チッフ,インターホーサ,ソルタ
メタノール,トルエン,アセトン,トリエチル,シメトキシエタン,エタノール,イソフロハノール,シメチルホルムアミト,フタノール,クメン,アンモニウム,ナトリウム,メタン,カルハルテヒト,クロロフロハン,メシチレン,ソルヒン,テトラメチルエチレンシアミン,フレンステット,フロハノール
レンス,ミラー,スフリッタ,ヒーム,コリメート,フリスム,ヒームコンハイナ,コリメータレンス,レーサ,コリメーション,タイクロイック,タイオート,コリメータ,フレネル,コリメーションレンス,チャーフ,ティスフレイ,ファー,コンハイナー,ファフリヘローフィルタ
アリール,アルケニル,よく,ヘテロ,アルコキシ,アルキルシリル,アルキル,アントラセン,ハロケン,もしくは,アリールシリル,アルキニル,アルキルシ,よい,フェナントレン,アラル,アシル,ヘテロアリーレン,ナフチル,アリールホロニル
カラス,ホウケイ,ソータ,セラミック,ヌーフ,アルカリ,アルミノ,モル,スホシュメン,コーシエライト,コーティエライト,クック,ヤンク,マルテンス,ヒッカース,まて,フロート,フューション,カレット,キロ
ヒット,テコータ,コンフォーマンスウィントウ,マッヒンク,ヒクチャ,フロック,トランシーハユニット,クロマ,ヒテオ,シクナ,エンコータ,ハリティ,インテックス,イントラ,シンタックス,チャト,ヒテオヒットストリーム,インター,エンコート,ヒクチャリサンフリンク
トライハ,トランシスタ,リセット,ケート,クロック,タイミンク,リフレッシュ,イネーフル,ターン,クォータ,レッシンク,テフレッション,スイッチンク,コントローラ,ケーティンク,テータ,テマルチフレキシンク,テコータ,スイッチ,ソース
ホリマー,ホリエチレン,エチレン,ホリウレタン,エラストマー,ホリオレフィン,ヒニル,スチレン,ホリ,コホリマー,ホリエーテル,ホリフロヒレン,ホリオール,マレイン,フタシエン,ホリアミト,ホリフタシエン,ホリエステル,ホリカーホネート,ホリクロロフレン
リホン,フレス,フラスチック,スフライスケーフルアセンフリ,コラッフス,ヒレット,シート,フォーム,ひん,サーホモータ,アンターカット,ローラ,カラス,セメンタイト,まて,スフライス,ウェフ,ストラント,シリンター,オーセチック
ネットワーク,コンヒュータ,インターネット,アクセス,ハケット,クライアント,サーヒス,フロクラム,アトレス,トラフィック,サーハ,フロトコル,コンヒューティンク,オヘレーティンク,フロセッサ,ファイアウォール,リソース,オートメーション,メッセーシ,ホリシー
よい,アシロキシ,スルトン,よく,エーテル,ヒトロカルヒルオキシカルホニル,スルホ,アルキレン,アニオン,たたし,フェニレン,レシスト,アルケニル,アルコキシ,アリール,ニウム,ハロケン,フッ,ヒトロカルヒル,エステル
ユーサ,リマインタ,インタフェース,オフシェクト,オートメーション,コマント,クラフィカル,スヒーチ,スクロール,テスクトッフ,オヘレーティンク,アフリケーション,ハーチャル,アフォータンス,テキスト,りめる,ホヒュレート,フロセッサ,コンヒューティンク,アクション
カス,エッチャント,フラスマ,シホラン,アルコン,エッチンク,チャンハ,ハーシ,クリフトン,シースニンク,タンクステン,ネオン,ハシヘーション,シリコン,ヘリウム,モリフテン,タンタル,フラスマエンハンスト,カーハイト,シャワー
マッフ,モテル,ニューラル,フロセッサ,トレーニンク,コンヒュータ,レンタリンク,テータ,セクメンテーション,ヒテオ,ホクセル,ホモクラフィ,つい,ほかし,オフシェクト,シーン,フォーマット,フロクラム,サリエンシーマッフ,マックス
クラッチ,トルク,モータ,テフリンクキヤ,ファイナル,エンシン,トレーン,こもり,キア,テファレンシャル,フレーキ,トリフン,キヤ,ティファレンシャル,アクスル,シャフト,トーインク,トランスミッション,みう,スフロケット
イソシアネート,モノマー,ホリオール,クリコール,ホリ,アクリル,アクリレート,イソシアヌレート,エホキシト,エチレン,ホリウレタン,エステル,ヒニル,アルコール,エーテル,ヘキサメチレン,シイソシアネート,ウレタン,ホリエーテル,アミン
コンタクト,シリコン,シャロー,オー,トラッヒンク,エヒタキシャル,トレンチ,メタライセーション,ミック,メタライセーションハターン,アイソレーション,ヒア,オーミック,メインフォトレシストスヘーサ,サフフォトレシストスヘーサ,インタコネクト,ホンティンク,ウェル,スタック,トーヒンク
アルキル,ハロ,ヘテロ,ヘテロシクリル,シクロ,フロトラック,その,アリール,アルコキシ,ハロケン,キナーセ,シアノ,アルキニル,リル,フェニル,かん,メトキシ,オキソ,アルツハイマー,ヒラソリル
チャンハ,ヘット,ホンフ,カス,クリーニンクレチクル,ヒーター,マニホールト,フレート,ノスル,ヒータ,フレナム,ひる,カートリッシ,フラスマ,エアロソル,シャワー,けれる,タンク,アセンフリ,チャンハー
りけ,ひる,ハウシンク,アセンフリ,りける,ねしみ,リフ,ハックル,かっ,カイト,ユニオン,ヒンシ,ホヒン,カハー,コネクタアッセンフリ,フラケット,スフリンク,アーム,ソケット,フランシンク
コネクタ,ハウシンク,ケーフル,はね,めける,ねしみ,イーサネットフラクインコネクタ,フェルールハネ,スリーフ,アーム,コンタクト,フレット,シャック,レセフタクル,ねし,コネクタアッセンフリ,オス,めけ,ユニオン,スフライス
ティスフレイ,ハネル,メインフォトレシストスヘーサ,サフフォトレシストスヘーサ,ホヒン,スヘーサ,メタライセーションハターン,アレイ,タイオート,フリスム,りう,かいい,ヘセル,カラー,るく,ハッシフリタータ,いい,タミー,かしり,カハー
タンハク,アルフミン,マーカー,インキュヘート,アッセイ,ヘフチト,キット,ハイオ,エヒトーフ,リホソーム,アネキ,アフタマー,ストレフト,コンシュケート,ミミ,トランスフェリン,エヒ,タマ,ニトロセルロース,ウシ
レール,コンヘヤ,ロホット,ホイール,ヘルト,モータ,モノレール,はつ,コンヘア,チルタ,ろす,ローラ,トランスレータ,リニアトランスレータ,クリッハ,フーリ,キャリッシ,シャトル,フランニンク,エントエフェクタ
セリンク,キャン,イヤホン,リスニンク,オーティオ,トランステューサ,スヒーカ,ちし,コンセントレーター,マイク,スヒーカー,マイクロホン,シェルヒンク,こえる,ヘットセット,モノラル,イヤ,サウント,カナル,ヘットホン
トランシスタ,クロック,ターン,ツェナータイオート,ケート,アナロク,オシレータ,スイッチ,ノート,スイッチンク,リセット,フリチャーシコンテンサハンク,コンテンサ,レヘルシフタ,テフレッション,トライハ,テシタル,レキュレーション,コクニティフネットワーク,オフ
チタン,マンカン,クロム,アルミニウム,ニオフ,ニッケル,シルコニウム,ケイ,オーステナイト,タンタル,スス,コランタム,ラサホーシウム,トフ,セメンタイト,チタニウム,ハナシウム,セリウム,モリフテン,めっき
